{
  "Version": 1,
  "ManifestType": "Publish",
  "Endpoints": [
    {
      "Route": "css/main.css",
      "AssetFile": "css/main.css",
      "Selectors": [],
      "ResponseHeaders": [
        {
          "Name": "Accept-Ranges",
          "Value": "bytes"
        },
        {
          "Name": "Cache-Control",
          "Value": "no-cache"
        },
        {
          "Name": "Content-Length",
          "Value": "1945"
        },
        {
          "Name": "Content-Type",
          "Value": "text/css"
        },
        {
          "Name": "ETag",
          "Value": "\"psJtftaFa45WyTefj5eQ7V9tCp51vjOWaHIui2Y8bx8=\""
        },
        {
          "Name": "Last-Modified",
          "Value": "Fri, 02 May 2025 08:53:46 GMT"
        }
      ],
      "EndpointProperties": [
        {
          "Name": "integrity",
          "Value": "sha256-psJtftaFa45WyTefj5eQ7V9tCp51vjOWaHIui2Y8bx8="
        }
      ]
    },
    {
      "Route": "css/main.qziun0x2le.css",
      "AssetFile": "css/main.css",
      "Selectors": [],
      "ResponseHeaders": [
        {
          "Name": "Accept-Ranges",
          "Value": "bytes"
        },
        {
          "Name": "Cache-Control",
          "Value": "max-age=31536000, immutable"
        },
        {
          "Name": "Content-Length",
          "Value": "1945"
        },
        {
          "Name": "Content-Type",
          "Value": "text/css"
        },
        {
          "Name": "ETag",
          "Value": "\"psJtftaFa45WyTefj5eQ7V9tCp51vjOWaHIui2Y8bx8=\""
        },
        {
          "Name": "Last-Modified",
          "Value": "Fri, 02 May 2025 08:53:46 GMT"
        }
      ],
      "EndpointProperties": [
        {
          "Name": "fingerprint",
          "Value": "qziun0x2le"
        },
        {
          "Name": "integrity",
          "Value": "sha256-psJtftaFa45WyTefj5eQ7V9tCp51vjOWaHIui2Y8bx8="
        },
        {
          "Name": "label",
          "Value": "css/main.css"
        }
      ]
    },
    {
      "Route": "js/actions.92dqt2rman.js",
      "AssetFile": "js/actions.js",
      "Selectors": [],
      "ResponseHeaders": [
        {
          "Name": "Accept-Ranges",
          "Value": "bytes"
        },
        {
          "Name": "Cache-Control",
          "Value": "max-age=31536000, immutable"
        },
        {
          "Name": "Content-Length",
          "Value": "5436"
        },
        {
          "Name": "Content-Type",
          "Value": "text/javascript"
        },
        {
          "Name": "ETag",
          "Value": "\"oXlF+AeS4bdMwIKWXloUi0Z+tUxYsnrocKQ0ejuphDA=\""
        },
        {
          "Name": "Last-Modified",
          "Value": "Fri, 02 May 2025 11:28:40 GMT"
        }
      ],
      "EndpointProperties": [
        {
          "Name": "fingerprint",
          "Value": "92dqt2rman"
        },
        {
          "Name": "integrity",
          "Value": "sha256-oXlF+AeS4bdMwIKWXloUi0Z+tUxYsnrocKQ0ejuphDA="
        },
        {
          "Name": "label",
          "Value": "js/actions.js"
        }
      ]
    },
    {
      "Route": "js/actions.js",
      "AssetFile": "js/actions.js",
      "Selectors": [],
      "ResponseHeaders": [
        {
          "Name": "Accept-Ranges",
          "Value": "bytes"
        },
        {
          "Name": "Cache-Control",
          "Value": "no-cache"
        },
        {
          "Name": "Content-Length",
          "Value": "5436"
        },
        {
          "Name": "Content-Type",
          "Value": "text/javascript"
        },
        {
          "Name": "ETag",
          "Value": "\"oXlF+AeS4bdMwIKWXloUi0Z+tUxYsnrocKQ0ejuphDA=\""
        },
        {
          "Name": "Last-Modified",
          "Value": "Fri, 02 May 2025 11:28:40 GMT"
        }
      ],
      "EndpointProperties": [
        {
          "Name": "integrity",
          "Value": "sha256-oXlF+AeS4bdMwIKWXloUi0Z+tUxYsnrocKQ0ejuphDA="
        }
      ]
    }
  ]
}