{
  "Version": 1,
  "ManifestType": "Publish",
  "Endpoints": [
    {
      "Route": "index.97s4dguceo.html",
      "AssetFile": "index.html",
      "Selectors": [],
      "ResponseHeaders": [
        {
          "Name": "Accept-Ranges",
          "Value": "bytes"
        },
        {
          "Name": "Cache-Control",
          "Value": "max-age=31536000, immutable"
        },
        {
          "Name": "Content-Length",
          "Value": "2920"
        },
        {
          "Name": "Content-Type",
          "Value": "text/html"
        },
        {
          "Name": "ETag",
          "Value": "\"xbT37ntxJjdmecdjEGWsyqoqKkBR4zeWYHH1Qa1sM8A=\""
        },
        {
          "Name": "Last-Modified",
          "Value": "Thu, 05 Jun 2025 09:53:29 GMT"
        }
      ],
      "EndpointProperties": [
        {
          "Name": "fingerprint",
          "Value": "97s4dguceo"
        },
        {
          "Name": "integrity",
          "Value": "sha256-xbT37ntxJjdmecdjEGWsyqoqKkBR4zeWYHH1Qa1sM8A="
        },
        {
          "Name": "label",
          "Value": "index.html"
        }
      ]
    },
    {
      "Route": "index.html",
      "AssetFile": "index.html",
      "Selectors": [],
      "ResponseHeaders": [
        {
          "Name": "Accept-Ranges",
          "Value": "bytes"
        },
        {
          "Name": "Cache-Control",
          "Value": "no-cache"
        },
        {
          "Name": "Content-Length",
          "Value": "2920"
        },
        {
          "Name": "Content-Type",
          "Value": "text/html"
        },
        {
          "Name": "ETag",
          "Value": "\"xbT37ntxJjdmecdjEGWsyqoqKkBR4zeWYHH1Qa1sM8A=\""
        },
        {
          "Name": "Last-Modified",
          "Value": "Thu, 05 Jun 2025 09:53:29 GMT"
        }
      ],
      "EndpointProperties": [
        {
          "Name": "integrity",
          "Value": "sha256-xbT37ntxJjdmecdjEGWsyqoqKkBR4zeWYHH1Qa1sM8A="
        }
      ]
    },
    {
      "Route": "main.00wo6p6y9i.css",
      "AssetFile": "main.css",
      "Selectors": [],
      "ResponseHeaders": [
        {
          "Name": "Accept-Ranges",
          "Value": "bytes"
        },
        {
          "Name": "Cache-Control",
          "Value": "max-age=31536000, immutable"
        },
        {
          "Name": "Content-Length",
          "Value": "4486"
        },
        {
          "Name": "Content-Type",
          "Value": "text/css"
        },
        {
          "Name": "ETag",
          "Value": "\"AJ4aGIZKIiiBm7hyZRfT+zut+Udc9IsfPQDjzi6UhjI=\""
        },
        {
          "Name": "Last-Modified",
          "Value": "Thu, 05 Jun 2025 09:51:09 GMT"
        }
      ],
      "EndpointProperties": [
        {
          "Name": "fingerprint",
          "Value": "00wo6p6y9i"
        },
        {
          "Name": "integrity",
          "Value": "sha256-AJ4aGIZKIiiBm7hyZRfT+zut+Udc9IsfPQDjzi6UhjI="
        },
        {
          "Name": "label",
          "Value": "main.css"
        }
      ]
    },
    {
      "Route": "main.css",
      "AssetFile": "main.css",
      "Selectors": [],
      "ResponseHeaders": [
        {
          "Name": "Accept-Ranges",
          "Value": "bytes"
        },
        {
          "Name": "Cache-Control",
          "Value": "no-cache"
        },
        {
          "Name": "Content-Length",
          "Value": "4486"
        },
        {
          "Name": "Content-Type",
          "Value": "text/css"
        },
        {
          "Name": "ETag",
          "Value": "\"AJ4aGIZKIiiBm7hyZRfT+zut+Udc9IsfPQDjzi6UhjI=\""
        },
        {
          "Name": "Last-Modified",
          "Value": "Thu, 05 Jun 2025 09:51:09 GMT"
        }
      ],
      "EndpointProperties": [
        {
          "Name": "integrity",
          "Value": "sha256-AJ4aGIZKIiiBm7hyZRfT+zut+Udc9IsfPQDjzi6UhjI="
        }
      ]
    },
    {
      "Route": "main.js",
      "AssetFile": "main.js",
      "Selectors": [],
      "ResponseHeaders": [
        {
          "Name": "Accept-Ranges",
          "Value": "bytes"
        },
        {
          "Name": "Cache-Control",
          "Value": "no-cache"
        },
        {
          "Name": "Content-Length",
          "Value": "14059"
        },
        {
          "Name": "Content-Type",
          "Value": "text/javascript"
        },
        {
          "Name": "ETag",
          "Value": "\"oaiiP4j+205gQGhr0wGlr5DtmyOO/m/jLYn7eDlE644=\""
        },
        {
          "Name": "Last-Modified",
          "Value": "Thu, 05 Jun 2025 10:06:21 GMT"
        }
      ],
      "EndpointProperties": [
        {
          "Name": "integrity",
          "Value": "sha256-oaiiP4j+205gQGhr0wGlr5DtmyOO/m/jLYn7eDlE644="
        }
      ]
    },
    {
      "Route": "main.t9k0yoow2m.js",
      "AssetFile": "main.js",
      "Selectors": [],
      "ResponseHeaders": [
        {
          "Name": "Accept-Ranges",
          "Value": "bytes"
        },
        {
          "Name": "Cache-Control",
          "Value": "max-age=31536000, immutable"
        },
        {
          "Name": "Content-Length",
          "Value": "14059"
        },
        {
          "Name": "Content-Type",
          "Value": "text/javascript"
        },
        {
          "Name": "ETag",
          "Value": "\"oaiiP4j+205gQGhr0wGlr5DtmyOO/m/jLYn7eDlE644=\""
        },
        {
          "Name": "Last-Modified",
          "Value": "Thu, 05 Jun 2025 10:06:21 GMT"
        }
      ],
      "EndpointProperties": [
        {
          "Name": "fingerprint",
          "Value": "t9k0yoow2m"
        },
        {
          "Name": "integrity",
          "Value": "sha256-oaiiP4j+205gQGhr0wGlr5DtmyOO/m/jLYn7eDlE644="
        },
        {
          "Name": "label",
          "Value": "main.js"
        }
      ]
    }
  ]
}